Workbook

Sheet 조회
A1: 입력 아이디 | B1: 연결 1 | C1: 연결 2 | D1: 연결 3 | E1: 연결 4 | F1: 연결 5 | G1: 연결 6 | H1: 연결 7 | I1: 연결 8 | J1: 연결 9 | K1: 연결 10 | L1: 연결 11 | M1: 연결 12 | N1: 연결 13 | O1: 연결 14 | P1: 연결 15 | Q1: 연결 16 | R1: 연결 17 | S1: 연결 18 | T1: 연결 19 | U1: 연결 20 | W1: ← 노란 칸(A열)에 아이디를 치면 오른쪽으로 연결 아이디가 자동으로 이어집니다
A2: uuoo | B2: =IF(OR(A2="",AND(COLUMN()>2,A2&""=$A2&"")),"",IFERROR(INDEX(데이터!$B:$B,MATCH(A2&"",데이터!$A:$A,0))&"","")) | C2: =IF(OR(B2="",AND(COLUMN()>2,B2&""=$A2&"")),"",IFERROR(INDEX(데이터!$B:$B,MATCH(B2&"",데이터!$A:$A,0))&"","")) | D2: =IF(OR(C2="",AND(COLUMN()>2,C2&""=$A2&"")),"",IFERROR(INDEX(데이터!$B:$B,MATCH(C2&"",데이터!$A:$A,0))&"","")) | E2: =IF(OR(D2="",AND(COLUMN()>2,D2&""=$A2&"")),"",IFERROR(INDEX(데이터!$B:$B,MATCH(D2&"",데이터!$A:$A,0))&"","")) | F2: =IF(OR(E2="",AND(COLUMN()>2,E2&""=$A2&"")),"",IFERROR(INDEX(데이터!$B:$B,MATCH(E2&"",데이터!$A:$A,0))&"","")) | G2: =IF(OR(F2="",AND(COLUMN()>2,F2&""=$A2&"")),"",IFERROR(INDEX(데이터!$B:$B,MATCH(F2&"",데이터!$A:$A,0))&"","")) | H2: =IF(OR(G2="",AND(COLUMN()>2,G2&""=$A2&"")),"",IFERROR(INDEX(데이터!$B:$B,MATCH(G2&"",데이터!$A:$A,0))&"","")) | I2: =IF(OR(H2="",AND(COLUMN()>2,H2&""=$A2&"")),"",IFERROR(INDEX(데이터!$B:$B,MATCH(H2&"",데이터!$A:$A,0))&"","")) | ... U2: =IF(OR(T2="",AND(COLUMN()>2,T2&""=$A2&"")),"",IFERROR(INDEX(데이터!$B:$B,MATCH(T2&"",데이터!$A:$A,0))&"",""))
B3: =IF(OR(A3="",AND(COLUMN()>2,A3&""=$A3&"")),"",IFERROR(INDEX(데이터!$B:$B,MATCH(A3&"",데이터!$A:$A,0))&"","")) | C3: =IF(OR(B3="",AND(COLUMN()>2,B3&""=$A3&"")),"",IFERROR(INDEX(데이터!$B:$B,MATCH(B3&"",데이터!$A:$A,0))&"","")) | D3: =IF(OR(C3="",AND(COLUMN()>2,C3&""=$A3&"")),"",IFERROR(INDEX(데이터!$B:$B,MATCH(C3&"",데이터!$A:$A,0))&"","")) | E3: =IF(OR(D3="",AND(COLUMN()>2,D3&""=$A3&"")),"",IFERROR(INDEX(데이터!$B:$B,MATCH(D3&"",데이터!$A:$A,0))&"","")) | F3: =IF(OR(E3="",AND(COLUMN()>2,E3&""=$A3&"")),"",IFERROR(INDEX(데이터!$B:$B,MATCH(E3&"",데이터!$A:$A,0))&"","")) | G3: =IF(OR(F3="",AND(COLUMN()>2,F3&""=$A3&"")),"",IFERROR(INDEX(데이터!$B:$B,MATCH(F3&"",데이터!$A:$A,0))&"","")) | H3: =IF(OR(G3="",AND(COLUMN()>2,G3&""=$A3&"")),"",IFERROR(INDEX(데이터!$B:$B,MATCH(G3&"",데이터!$A:$A,0))&"","")) | I3: =IF(OR(H3="",AND(COLUMN()>2,H3&""=$A3&"")),"",IFERROR(INDEX(데이터!$B:$B,MATCH(H3&"",데이터!$A:$A,0))&"","")) | ... U3: =IF(OR(T3="",AND(COLUMN()>2,T3&""=$A3&"")),"",IFERROR(INDEX(데이터!$B:$B,MATCH(T3&"",데이터!$A:$A,0))&"",""))
B4: =IF(OR(A4="",AND(COLUMN()>2,A4&""=$A4&"")),"",IFERROR(INDEX(데이터!$B:$B,MATCH(A4&"",데이터!$A:$A,0))&"","")) | C4: =IF(OR(B4="",AND(COLUMN()>2,B4&""=$A4&"")),"",IFERROR(INDEX(데이터!$B:$B,MATCH(B4&"",데이터!$A:$A,0))&"","")) | D4: =IF(OR(C4="",AND(COLUMN()>2,C4&""=$A4&"")),"",IFERROR(INDEX(데이터!$B:$B,MATCH(C4&"",데이터!$A:$A,0))&"","")) | E4: =IF(OR(D4="",AND(COLUMN()>2,D4&""=$A4&"")),"",IFERROR(INDEX(데이터!$B:$B,MATCH(D4&"",데이터!$A:$A,0))&"","")) | F4: =IF(OR(E4="",AND(COLUMN()>2,E4&""=$A4&"")),"",IFERROR(INDEX(데이터!$B:$B,MATCH(E4&"",데이터!$A:$A,0))&"","")) | G4: =IF(OR(F4="",AND(COLUMN()>2,F4&""=$A4&"")),"",IFERROR(INDEX(데이터!$B:$B,MATCH(F4&"",데이터!$A:$A,0))&"","")) | H4: =IF(OR(G4="",AND(COLUMN()>2,G4&""=$A4&"")),"",IFERROR(INDEX(데이터!$B:$B,MATCH(G4&"",데이터!$A:$A,0))&"","")) | I4: =IF(OR(H4="",AND(COLUMN()>2,H4&""=$A4&"")),"",IFERROR(INDEX(데이터!$B:$B,MATCH(H4&"",데이터!$A:$A,0))&"","")) | ... U4: =IF(OR(T4="",AND(COLUMN()>2,T4&""=$A4&"")),"",IFERROR(INDEX(데이터!$B:$B,MATCH(T4&"",데이터!$A:$A,0))&"",""))
B5: =IF(OR(A5="",AND(COLUMN()>2,A5&""=$A5&"")),"",IFERROR(INDEX(데이터!$B:$B,MATCH(A5&"",데이터!$A:$A,0))&"","")) | C5: =IF(OR(B5="",AND(COLUMN()>2,B5&""=$A5&"")),"",IFERROR(INDEX(데이터!$B:$B,MATCH(B5&"",데이터!$A:$A,0))&"","")) | D5: =IF(OR(C5="",AND(COLUMN()>2,C5&""=$A5&"")),"",IFERROR(INDEX(데이터!$B:$B,MATCH(C5&"",데이터!$A:$A,0))&"","")) | E5: =IF(OR(D5="",AND(COLUMN()>2,D5&""=$A5&"")),"",IFERROR(INDEX(데이터!$B:$B,MATCH(D5&"",데이터!$A:$A,0))&"","")) | F5: =IF(OR(E5="",AND(COLUMN()>2,E5&""=$A5&"")),"",IFERROR(INDEX(데이터!$B:$B,MATCH(E5&"",데이터!$A:$A,0))&"","")) | G5: =IF(OR(F5="",AND(COLUMN()>2,F5&""=$A5&"")),"",IFERROR(INDEX(데이터!$B:$B,MATCH(F5&"",데이터!$A:$A,0))&"","")) | H5: =IF(OR(G5="",AND(COLUMN()>2,G5&""=$A5&"")),"",IFERROR(INDEX(데이터!$B:$B,MATCH(G5&"",데이터!$A:$A,0))&"","")) | I5: =IF(OR(H5="",AND(COLUMN()>2,H5&""=$A5&"")),"",IFERROR(INDEX(데이터!$B:$B,MATCH(H5&"",데이터!$A:$A,0))&"","")) | ... U5: =IF(OR(T5="",AND(COLUMN()>2,T5&""=$A5&"")),"",IFERROR(INDEX(데이터!$B:$B,MATCH(T5&"",데이터!$A:$A,0))&"",""))
B6: =IF(OR(A6="",AND(COLUMN()>2,A6&""=$A6&"")),"",IFERROR(INDEX(데이터!$B:$B,MATCH(A6&"",데이터!$A:$A,0))&"","")) | C6: =IF(OR(B6="",AND(COLUMN()>2,B6&""=$A6&"")),"",IFERROR(INDEX(데이터!$B:$B,MATCH(B6&"",데이터!$A:$A,0))&"","")) | D6: =IF(OR(C6="",AND(COLUMN()>2,C6&""=$A6&"")),"",IFERROR(INDEX(데이터!$B:$B,MATCH(C6&"",데이터!$A:$A,0))&"","")) | E6: =IF(OR(D6="",AND(COLUMN()>2,D6&""=$A6&"")),"",IFERROR(INDEX(데이터!$B:$B,MATCH(D6&"",데이터!$A:$A,0))&"","")) | F6: =IF(OR(E6="",AND(COLUMN()>2,E6&""=$A6&"")),"",IFERROR(INDEX(데이터!$B:$B,MATCH(E6&"",데이터!$A:$A,0))&"","")) | G6: =IF(OR(F6="",AND(COLUMN()>2,F6&""=$A6&"")),"",IFERROR(INDEX(데이터!$B:$B,MATCH(F6&"",데이터!$A:$A,0))&"","")) | H6: =IF(OR(G6="",AND(COLUMN()>2,G6&""=$A6&"")),"",IFERROR(INDEX(데이터!$B:$B,MATCH(G6&"",데이터!$A:$A,0))&"","")) | I6: =IF(OR(H6="",AND(COLUMN()>2,H6&""=$A6&"")),"",IFERROR(INDEX(데이터!$B:$B,MATCH(H6&"",데이터!$A:$A,0))&"","")) | ... U6: =IF(OR(T6="",AND(COLUMN()>2,T6&""=$A6&"")),"",IFERROR(INDEX(데이터!$B:$B,MATCH(T6&"",데이터!$A:$A,0))&"",""))
B7: =IF(OR(A7="",AND(COLUMN()>2,A7&""=$A7&"")),"",IFERROR(INDEX(데이터!$B:$B,MATCH(A7&"",데이터!$A:$A,0))&"","")) | C7: =IF(OR(B7="",AND(COLUMN()>2,B7&""=$A7&"")),"",IFERROR(INDEX(데이터!$B:$B,MATCH(B7&"",데이터!$A:$A,0))&"","")) | D7: =IF(OR(C7="",AND(COLUMN()>2,C7&""=$A7&"")),"",IFERROR(INDEX(데이터!$B:$B,MATCH(C7&"",데이터!$A:$A,0))&"","")) | E7: =IF(OR(D7="",AND(COLUMN()>2,D7&""=$A7&"")),"",IFERROR(INDEX(데이터!$B:$B,MATCH(D7&"",데이터!$A:$A,0))&"","")) | F7: =IF(OR(E7="",AND(COLUMN()>2,E7&""=$A7&"")),"",IFERROR(INDEX(데이터!$B:$B,MATCH(E7&"",데이터!$A:$A,0))&"","")) | G7: =IF(OR(F7="",AND(COLUMN()>2,F7&""=$A7&"")),"",IFERROR(INDEX(데이터!$B:$B,MATCH(F7&"",데이터!$A:$A,0))&"","")) | H7: =IF(OR(G7="",AND(COLUMN()>2,G7&""=$A7&"")),"",IFERROR(INDEX(데이터!$B:$B,MATCH(G7&"",데이터!$A:$A,0))&"","")) | I7: =IF(OR(H7="",AND(COLUMN()>2,H7&""=$A7&"")),"",IFERROR(INDEX(데이터!$B:$B,MATCH(H7&"",데이터!$A:$A,0))&"","")) | ... U7: =IF(OR(T7="",AND(COLUMN()>2,T7&""=$A7&"")),"",IFERROR(INDEX(데이터!$B:$B,MATCH(T7&"",데이터!$A:$A,0))&"",""))
B8: =IF(OR(A8="",AND(COLUMN()>2,A8&""=$A8&"")),"",IFERROR(INDEX(데이터!$B:$B,MATCH(A8&"",데이터!$A:$A,0))&"","")) | C8: =IF(OR(B8="",AND(COLUMN()>2,B8&""=$A8&"")),"",IFERROR(INDEX(데이터!$B:$B,MATCH(B8&"",데이터!$A:$A,0))&"","")) | D8: =IF(OR(C8="",AND(COLUMN()>2,C8&""=$A8&"")),"",IFERROR(INDEX(데이터!$B:$B,MATCH(C8&"",데이터!$A:$A,0))&"","")) | E8: =IF(OR(D8="",AND(COLUMN()>2,D8&""=$A8&"")),"",IFERROR(INDEX(데이터!$B:$B,MATCH(D8&"",데이터!$A:$A,0))&"","")) | F8: =IF(OR(E8="",AND(COLUMN()>2,E8&""=$A8&"")),"",IFERROR(INDEX(데이터!$B:$B,MATCH(E8&"",데이터!$A:$A,0))&"","")) | G8: =IF(OR(F8="",AND(COLUMN()>2,F8&""=$A8&"")),"",IFERROR(INDEX(데이터!$B:$B,MATCH(F8&"",데이터!$A:$A,0))&"","")) | H8: =IF(OR(G8="",AND(COLUMN()>2,G8&""=$A8&"")),"",IFERROR(INDEX(데이터!$B:$B,MATCH(G8&"",데이터!$A:$A,0))&"","")) | I8: =IF(OR(H8="",AND(COLUMN()>2,H8&""=$A8&"")),"",IFERROR(INDEX(데이터!$B:$B,MATCH(H8&"",데이터!$A:$A,0))&"","")) | ... U8: =IF(OR(T8="",AND(COLUMN()>2,T8&""=$A8&"")),"",IFERROR(INDEX(데이터!$B:$B,MATCH(T8&"",데이터!$A:$A,0))&"",""))
B9: =IF(OR(A9="",AND(COLUMN()>2,A9&""=$A9&"")),"",IFERROR(INDEX(데이터!$B:$B,MATCH(A9&"",데이터!$A:$A,0))&"","")) | C9: =IF(OR(B9="",AND(COLUMN()>2,B9&""=$A9&"")),"",IFERROR(INDEX(데이터!$B:$B,MATCH(B9&"",데이터!$A:$A,0))&"","")) | D9: =IF(OR(C9="",AND(COLUMN()>2,C9&""=$A9&"")),"",IFERROR(INDEX(데이터!$B:$B,MATCH(C9&"",데이터!$A:$A,0))&"","")) | E9: =IF(OR(D9="",AND(COLUMN()>2,D9&""=$A9&"")),"",IFERROR(INDEX(데이터!$B:$B,MATCH(D9&"",데이터!$A:$A,0))&"","")) | F9: =IF(OR(E9="",AND(COLUMN()>2,E9&""=$A9&"")),"",IFERROR(INDEX(데이터!$B:$B,MATCH(E9&"",데이터!$A:$A,0))&"","")) | G9: =IF(OR(F9="",AND(COLUMN()>2,F9&""=$A9&"")),"",IFERROR(INDEX(데이터!$B:$B,MATCH(F9&"",데이터!$A:$A,0))&"","")) | H9: =IF(OR(G9="",AND(COLUMN()>2,G9&""=$A9&"")),"",IFERROR(INDEX(데이터!$B:$B,MATCH(G9&"",데이터!$A:$A,0))&"","")) | I9: =IF(OR(H9="",AND(COLUMN()>2,H9&""=$A9&"")),"",IFERROR(INDEX(데이터!$B:$B,MATCH(H9&"",데이터!$A:$A,0))&"","")) | ... U9: =IF(OR(T9="",AND(COLUMN()>2,T9&""=$A9&"")),"",IFERROR(INDEX(데이터!$B:$B,MATCH(T9&"",데이터!$A:$A,0))&"",""))
B10: =IF(OR(A10="",AND(COLUMN()>2,A10&""=$A10&"")),"",IFERROR(INDEX(데이터!$B:$B,MATCH(A10&"",데이터!$A:$A,0))&"","")) | C10: =IF(OR(B10="",AND(COLUMN()>2,B10&""=$A10&"")),"",IFERROR(INDEX(데이터!$B:$B,MATCH(B10&"",데이터!$A:$A,0))&"","")) | D10: =IF(OR(C10="",AND(COLUMN()>2,C10&""=$A10&"")),"",IFERROR(INDEX(데이터!$B:$B,MATCH(C10&"",데이터!$A:$A,0))&"","")) | E10: =IF(OR(D10="",AND(COLUMN()>2,D10&""=$A10&"")),"",IFERROR(INDEX(데이터!$B:$B,MATCH(D10&"",데이터!$A:$A,0))&"","")) | F10: =IF(OR(E10="",AND(COLUMN()>2,E10&""=$A10&"")),"",IFERROR(INDEX(데이터!$B:$B,MATCH(E10&"",데이터!$A:$A,0))&"","")) | G10: =IF(OR(F10="",AND(COLUMN()>2,F10&""=$A10&"")),"",IFERROR(INDEX(데이터!$B:$B,MATCH(F10&"",데이터!$A:$A,0))&"","")) | H10: =IF(OR(G10="",AND(COLUMN()>2,G10&""=$A10&"")),"",IFERROR(INDEX(데이터!$B:$B,MATCH(G10&"",데이터!$A:$A,0))&"","")) | I10: =IF(OR(H10="",AND(COLUMN()>2,H10&""=$A10&"")),"",IFERROR(INDEX(데이터!$B:$B,MATCH(H10&"",데이터!$A:$A,0))&"","")) | ... U10: =IF(OR(T10="",AND(COLUMN()>2,T10&""=$A10&"")),"",IFERROR(INDEX(데이터!$B:$B,MATCH(T10&"",데이터!$A:$A,0))&"",""))
B11: =IF(OR(A11="",AND(COLUMN()>2,A11&""=$A11&"")),"",IFERROR(INDEX(데이터!$B:$B,MATCH(A11&"",데이터!$A:$A,0))&"","")) | C11: =IF(OR(B11="",AND(COLUMN()>2,B11&""=$A11&"")),"",IFERROR(INDEX(데이터!$B:$B,MATCH(B11&"",데이터!$A:$A,0))&"","")) | D11: =IF(OR(C11="",AND(COLUMN()>2,C11&""=$A11&"")),"",IFERROR(INDEX(데이터!$B:$B,MATCH(C11&"",데이터!$A:$A,0))&"","")) | E11: =IF(OR(D11="",AND(COLUMN()>2,D11&""=$A11&"")),"",IFERROR(INDEX(데이터!$B:$B,MATCH(D11&"",데이터!$A:$A,0))&"","")) | F11: =IF(OR(E11="",AND(COLUMN()>2,E11&""=$A11&"")),"",IFERROR(INDEX(데이터!$B:$B,MATCH(E11&"",데이터!$A:$A,0))&"","")) | G11: =IF(OR(F11="",AND(COLUMN()>2,F11&""=$A11&"")),"",IFERROR(INDEX(데이터!$B:$B,MATCH(F11&"",데이터!$A:$A,0))&"","")) | H11: =IF(OR(G11="",AND(COLUMN()>2,G11&""=$A11&"")),"",IFERROR(INDEX(데이터!$B:$B,MATCH(G11&"",데이터!$A:$A,0))&"","")) | I11: =IF(OR(H11="",AND(COLUMN()>2,H11&""=$A11&"")),"",IFERROR(INDEX(데이터!$B:$B,MATCH(H11&"",데이터!$A:$A,0))&"","")) | ... U11: =IF(OR(T11="",AND(COLUMN()>2,T11&""=$A11&"")),"",IFERROR(INDEX(데이터!$B:$B,MATCH(T11&"",데이터!$A:$A,0))&"",""))
B12: =IF(OR(A12="",AND(COLUMN()>2,A12&""=$A12&"")),"",IFERROR(INDEX(데이터!$B:$B,MATCH(A12&"",데이터!$A:$A,0))&"","")) | C12: =IF(OR(B12="",AND(COLUMN()>2,B12&""=$A12&"")),"",IFERROR(INDEX(데이터!$B:$B,MATCH(B12&"",데이터!$A:$A,0))&"","")) | D12: =IF(OR(C12="",AND(COLUMN()>2,C12&""=$A12&"")),"",IFERROR(INDEX(데이터!$B:$B,MATCH(C12&"",데이터!$A:$A,0))&"","")) | E12: =IF(OR(D12="",AND(COLUMN()>2,D12&""=$A12&"")),"",IFERROR(INDEX(데이터!$B:$B,MATCH(D12&"",데이터!$A:$A,0))&"","")) | F12: =IF(OR(E12="",AND(COLUMN()>2,E12&""=$A12&"")),"",IFERROR(INDEX(데이터!$B:$B,MATCH(E12&"",데이터!$A:$A,0))&"","")) | G12: =IF(OR(F12="",AND(COLUMN()>2,F12&""=$A12&"")),"",IFERROR(INDEX(데이터!$B:$B,MATCH(F12&"",데이터!$A:$A,0))&"","")) | H12: =IF(OR(G12="",AND(COLUMN()>2,G12&""=$A12&"")),"",IFERROR(INDEX(데이터!$B:$B,MATCH(G12&"",데이터!$A:$A,0))&"","")) | I12: =IF(OR(H12="",AND(COLUMN()>2,H12&""=$A12&"")),"",IFERROR(INDEX(데이터!$B:$B,MATCH(H12&"",데이터!$A:$A,0))&"","")) | ... U12: =IF(OR(T12="",AND(COLUMN()>2,T12&""=$A12&"")),"",IFERROR(INDEX(데이터!$B:$B,MATCH(T12&"",데이터!$A:$A,0))&"",""))
B13: =IF(OR(A13="",AND(COLUMN()>2,A13&""=$A13&"")),"",IFERROR(INDEX(데이터!$B:$B,MATCH(A13&"",데이터!$A:$A,0))&"","")) | C13: =IF(OR(B13="",AND(COLUMN()>2,B13&""=$A13&"")),"",IFERROR(INDEX(데이터!$B:$B,MATCH(B13&"",데이터!$A:$A,0))&"","")) | D13: =IF(OR(C13="",AND(COLUMN()>2,C13&""=$A13&"")),"",IFERROR(INDEX(데이터!$B:$B,MATCH(C13&"",데이터!$A:$A,0))&"","")) | E13: =IF(OR(D13="",AND(COLUMN()>2,D13&""=$A13&"")),"",IFERROR(INDEX(데이터!$B:$B,MATCH(D13&"",데이터!$A:$A,0))&"","")) | F13: =IF(OR(E13="",AND(COLUMN()>2,E13&""=$A13&"")),"",IFERROR(INDEX(데이터!$B:$B,MATCH(E13&"",데이터!$A:$A,0))&"","")) | G13: =IF(OR(F13="",AND(COLUMN()>2,F13&""=$A13&"")),"",IFERROR(INDEX(데이터!$B:$B,MATCH(F13&"",데이터!$A:$A,0))&"","")) | H13: =IF(OR(G13="",AND(COLUMN()>2,G13&""=$A13&"")),"",IFERROR(INDEX(데이터!$B:$B,MATCH(G13&"",데이터!$A:$A,0))&"","")) | I13: =IF(OR(H13="",AND(COLUMN()>2,H13&""=$A13&"")),"",IFERROR(INDEX(데이터!$B:$B,MATCH(H13&"",데이터!$A:$A,0))&"","")) | ... U13: =IF(OR(T13="",AND(COLUMN()>2,T13&""=$A13&"")),"",IFERROR(INDEX(데이터!$B:$B,MATCH(T13&"",데이터!$A:$A,0))&"",""))
B14: =IF(OR(A14="",AND(COLUMN()>2,A14&""=$A14&"")),"",IFERROR(INDEX(데이터!$B:$B,MATCH(A14&"",데이터!$A:$A,0))&"","")) | C14: =IF(OR(B14="",AND(COLUMN()>2,B14&""=$A14&"")),"",IFERROR(INDEX(데이터!$B:$B,MATCH(B14&"",데이터!$A:$A,0))&"","")) | D14: =IF(OR(C14="",AND(COLUMN()>2,C14&""=$A14&"")),"",IFERROR(INDEX(데이터!$B:$B,MATCH(C14&"",데이터!$A:$A,0))&"","")) | E14: =IF(OR(D14="",AND(COLUMN()>2,D14&""=$A14&"")),"",IFERROR(INDEX(데이터!$B:$B,MATCH(D14&"",데이터!$A:$A,0))&"","")) | F14: =IF(OR(E14="",AND(COLUMN()>2,E14&""=$A14&"")),"",IFERROR(INDEX(데이터!$B:$B,MATCH(E14&"",데이터!$A:$A,0))&"","")) | G14: =IF(OR(F14="",AND(COLUMN()>2,F14&""=$A14&"")),"",IFERROR(INDEX(데이터!$B:$B,MATCH(F14&"",데이터!$A:$A,0))&"","")) | H14: =IF(OR(G14="",AND(COLUMN()>2,G14&""=$A14&"")),"",IFERROR(INDEX(데이터!$B:$B,MATCH(G14&"",데이터!$A:$A,0))&"","")) | I14: =IF(OR(H14="",AND(COLUMN()>2,H14&""=$A14&"")),"",IFERROR(INDEX(데이터!$B:$B,MATCH(H14&"",데이터!$A:$A,0))&"","")) | ... U14: =IF(OR(T14="",AND(COLUMN()>2,T14&""=$A14&"")),"",IFERROR(INDEX(데이터!$B:$B,MATCH(T14&"",데이터!$A:$A,0))&"",""))
... B201: =IF(OR(A201="",AND(COLUMN()>2,A201&""=$A201&"")),"",IFERROR(INDEX(데이터!$B:$B,MATCH(A201&"",데이터!$A:$A,0))&"","")) | C201: =IF(OR(B201="",AND(COLUMN()>2,B201&""=$A201&"")),"",IFERROR(INDEX(데이터!$B:$B,MATCH(B201&"",데이터!$A:$A,0))&"","")) | D201: =IF(OR(C201="",AND(COLUMN()>2,C201&""=$A201&"")),"",IFERROR(INDEX(데이터!$B:$B,MATCH(C201&"",데이터!$A:$A,0))&"","")) | E201: =IF(OR(D201="",AND(COLUMN()>2,D201&""=$A201&"")),"",IFERROR(INDEX(데이터!$B:$B,MATCH(D201&"",데이터!$A:$A,0))&"","")) | F201: =IF(OR(E201="",AND(COLUMN()>2,E201&""=$A201&"")),"",IFERROR(INDEX(데이터!$B:$B,MATCH(E201&"",데이터!$A:$A,0))&"","")) | G201: =IF(OR(F201="",AND(COLUMN()>2,F201&""=$A201&"")),"",IFERROR(INDEX(데이터!$B:$B,MATCH(F201&"",데이터!$A:$A,0))&"","")) | H201: =IF(OR(G201="",AND(COLUMN()>2,G201&""=$A201&"")),"",IFERROR(INDEX(데이터!$B:$B,MATCH(G201&"",데이터!$A:$A,0))&"","")) | I201: =IF(OR(H201="",AND(COLUMN()>2,H201&""=$A201&"")),"",IFERROR(INDEX(데이터!$B:$B,MATCH(H201&"",데이터!$A:$A,0))&"","")) | ... U201: =IF(OR(T201="",AND(COLUMN()>2,T201&""=$A201&"")),"",IFERROR(INDEX(데이터!$B:$B,MATCH(T201&"",데이터!$A:$A,0))&"",""))

Sheet 데이터
A1: 아이디 | B1: 연결 아이디 | D1: ※ A열 아이디를 치면 B열 연결 아이디가 나오고, 그 연결 아이디를 다시 A열에서 찾아 계속 이어집니다.
A2: uuoo | B2: 2929 | D2: ※ 예시 4줄은 지우고 실제 데이터로 바꾸세요. (A·B열은 텍스트 형식이라 0으로 시작해도 안 깨집니다)
A3: 2929 | B3: o0oo
A4: o0oo | B4: ab12
A5: kk77 | B5: 3030
