Workbook

Sheet 조회
A1: 아이디 조회
A2: 아이디 입력 → | B2: 1 | D2: ← 노란 칸에 아이디를 입력하세요 (예: 1 또는 1-2)
A3: 찾은 수 | B3: =IF($B$2="",0,IF(ISNUMBER(FIND("-",$B$2&"")),COUNTIF(데이터!$A:$A,$B$2&""),COUNTIF(데이터!$C:$C,$B$2&"")))
A5: 번호 | B5: 아이디 | C5: 이름 | E5: 한 줄로 보기
A6: 1 | B6: =IF($B$2="","",IFERROR(INDEX(데이터!$A:$A,IF(ISNUMBER(FIND("-",$B$2&"")),IF($A6=1,MATCH($B$2&"",데이터!$A:$A,0),NA()),MATCH($B$2&"#"&$A6,데이터!$D:$D,0))),"")) | C6: =IF($B$2="","",IFERROR(INDEX(데이터!$B:$B,IF(ISNUMBER(FIND("-",$B$2&"")),IF($A6=1,MATCH($B$2&"",데이터!$A:$A,0),NA()),MATCH($B$2&"#"&$A6,데이터!$D:$D,0))),"")) | E6: =_xlfn.TEXTJOIN(", ",TRUE,C6:C105)
A7: 2 | B7: =IF($B$2="","",IFERROR(INDEX(데이터!$A:$A,IF(ISNUMBER(FIND("-",$B$2&"")),IF($A7=1,MATCH($B$2&"",데이터!$A:$A,0),NA()),MATCH($B$2&"#"&$A7,데이터!$D:$D,0))),"")) | C7: =IF($B$2="","",IFERROR(INDEX(데이터!$B:$B,IF(ISNUMBER(FIND("-",$B$2&"")),IF($A7=1,MATCH($B$2&"",데이터!$A:$A,0),NA()),MATCH($B$2&"#"&$A7,데이터!$D:$D,0))),""))
A8: 3 | B8: =IF($B$2="","",IFERROR(INDEX(데이터!$A:$A,IF(ISNUMBER(FIND("-",$B$2&"")),IF($A8=1,MATCH($B$2&"",데이터!$A:$A,0),NA()),MATCH($B$2&"#"&$A8,데이터!$D:$D,0))),"")) | C8: =IF($B$2="","",IFERROR(INDEX(데이터!$B:$B,IF(ISNUMBER(FIND("-",$B$2&"")),IF($A8=1,MATCH($B$2&"",데이터!$A:$A,0),NA()),MATCH($B$2&"#"&$A8,데이터!$D:$D,0))),""))
A9: 4 | B9: =IF($B$2="","",IFERROR(INDEX(데이터!$A:$A,IF(ISNUMBER(FIND("-",$B$2&"")),IF($A9=1,MATCH($B$2&"",데이터!$A:$A,0),NA()),MATCH($B$2&"#"&$A9,데이터!$D:$D,0))),"")) | C9: =IF($B$2="","",IFERROR(INDEX(데이터!$B:$B,IF(ISNUMBER(FIND("-",$B$2&"")),IF($A9=1,MATCH($B$2&"",데이터!$A:$A,0),NA()),MATCH($B$2&"#"&$A9,데이터!$D:$D,0))),""))
A10: 5 | B10: =IF($B$2="","",IFERROR(INDEX(데이터!$A:$A,IF(ISNUMBER(FIND("-",$B$2&"")),IF($A10=1,MATCH($B$2&"",데이터!$A:$A,0),NA()),MATCH($B$2&"#"&$A10,데이터!$D:$D,0))),"")) | C10: =IF($B$2="","",IFERROR(INDEX(데이터!$B:$B,IF(ISNUMBER(FIND("-",$B$2&"")),IF($A10=1,MATCH($B$2&"",데이터!$A:$A,0),NA()),MATCH($B$2&"#"&$A10,데이터!$D:$D,0))),""))
A11: 6 | B11: =IF($B$2="","",IFERROR(INDEX(데이터!$A:$A,IF(ISNUMBER(FIND("-",$B$2&"")),IF($A11=1,MATCH($B$2&"",데이터!$A:$A,0),NA()),MATCH($B$2&"#"&$A11,데이터!$D:$D,0))),"")) | C11: =IF($B$2="","",IFERROR(INDEX(데이터!$B:$B,IF(ISNUMBER(FIND("-",$B$2&"")),IF($A11=1,MATCH($B$2&"",데이터!$A:$A,0),NA()),MATCH($B$2&"#"&$A11,데이터!$D:$D,0))),""))
A12: 7 | B12: =IF($B$2="","",IFERROR(INDEX(데이터!$A:$A,IF(ISNUMBER(FIND("-",$B$2&"")),IF($A12=1,MATCH($B$2&"",데이터!$A:$A,0),NA()),MATCH($B$2&"#"&$A12,데이터!$D:$D,0))),"")) | C12: =IF($B$2="","",IFERROR(INDEX(데이터!$B:$B,IF(ISNUMBER(FIND("-",$B$2&"")),IF($A12=1,MATCH($B$2&"",데이터!$A:$A,0),NA()),MATCH($B$2&"#"&$A12,데이터!$D:$D,0))),""))
A13: 8 | B13: =IF($B$2="","",IFERROR(INDEX(데이터!$A:$A,IF(ISNUMBER(FIND("-",$B$2&"")),IF($A13=1,MATCH($B$2&"",데이터!$A:$A,0),NA()),MATCH($B$2&"#"&$A13,데이터!$D:$D,0))),"")) | C13: =IF($B$2="","",IFERROR(INDEX(데이터!$B:$B,IF(ISNUMBER(FIND("-",$B$2&"")),IF($A13=1,MATCH($B$2&"",데이터!$A:$A,0),NA()),MATCH($B$2&"#"&$A13,데이터!$D:$D,0))),""))
A14: 9 | B14: =IF($B$2="","",IFERROR(INDEX(데이터!$A:$A,IF(ISNUMBER(FIND("-",$B$2&"")),IF($A14=1,MATCH($B$2&"",데이터!$A:$A,0),NA()),MATCH($B$2&"#"&$A14,데이터!$D:$D,0))),"")) | C14: =IF($B$2="","",IFERROR(INDEX(데이터!$B:$B,IF(ISNUMBER(FIND("-",$B$2&"")),IF($A14=1,MATCH($B$2&"",데이터!$A:$A,0),NA()),MATCH($B$2&"#"&$A14,데이터!$D:$D,0))),""))
A15: 10 | B15: =IF($B$2="","",IFERROR(INDEX(데이터!$A:$A,IF(ISNUMBER(FIND("-",$B$2&"")),IF($A15=1,MATCH($B$2&"",데이터!$A:$A,0),NA()),MATCH($B$2&"#"&$A15,데이터!$D:$D,0))),"")) | C15: =IF($B$2="","",IFERROR(INDEX(데이터!$B:$B,IF(ISNUMBER(FIND("-",$B$2&"")),IF($A15=1,MATCH($B$2&"",데이터!$A:$A,0),NA()),MATCH($B$2&"#"&$A15,데이터!$D:$D,0))),""))
A16: 11 | B16: =IF($B$2="","",IFERROR(INDEX(데이터!$A:$A,IF(ISNUMBER(FIND("-",$B$2&"")),IF($A16=1,MATCH($B$2&"",데이터!$A:$A,0),NA()),MATCH($B$2&"#"&$A16,데이터!$D:$D,0))),"")) | C16: =IF($B$2="","",IFERROR(INDEX(데이터!$B:$B,IF(ISNUMBER(FIND("-",$B$2&"")),IF($A16=1,MATCH($B$2&"",데이터!$A:$A,0),NA()),MATCH($B$2&"#"&$A16,데이터!$D:$D,0))),""))
A17: 12 | B17: =IF($B$2="","",IFERROR(INDEX(데이터!$A:$A,IF(ISNUMBER(FIND("-",$B$2&"")),IF($A17=1,MATCH($B$2&"",데이터!$A:$A,0),NA()),MATCH($B$2&"#"&$A17,데이터!$D:$D,0))),"")) | C17: =IF($B$2="","",IFERROR(INDEX(데이터!$B:$B,IF(ISNUMBER(FIND("-",$B$2&"")),IF($A17=1,MATCH($B$2&"",데이터!$A:$A,0),NA()),MATCH($B$2&"#"&$A17,데이터!$D:$D,0))),""))
A18: 13 | B18: =IF($B$2="","",IFERROR(INDEX(데이터!$A:$A,IF(ISNUMBER(FIND("-",$B$2&"")),IF($A18=1,MATCH($B$2&"",데이터!$A:$A,0),NA()),MATCH($B$2&"#"&$A18,데이터!$D:$D,0))),"")) | C18: =IF($B$2="","",IFERROR(INDEX(데이터!$B:$B,IF(ISNUMBER(FIND("-",$B$2&"")),IF($A18=1,MATCH($B$2&"",데이터!$A:$A,0),NA()),MATCH($B$2&"#"&$A18,데이터!$D:$D,0))),""))
... A105: 100 | B105: =IF($B$2="","",IFERROR(INDEX(데이터!$A:$A,IF(ISNUMBER(FIND("-",$B$2&"")),IF($A105=1,MATCH($B$2&"",데이터!$A:$A,0),NA()),MATCH($B$2&"#"&$A105,데이터!$D:$D,0))),"")) | C105: =IF($B$2="","",IFERROR(INDEX(데이터!$B:$B,IF(ISNUMBER(FIND("-",$B$2&"")),IF($A105=1,MATCH($B$2&"",데이터!$A:$A,0),NA()),MATCH($B$2&"#"&$A105,데이터!$D:$D,0))),""))

Sheet 데이터
A1: 아이디 | B1: 이름 | C1: 상위ID (자동) | D1: 조회키 (자동) | F1: ※ A·B열(파란 글씨)만 입력하세요. C·D열은 자동 계산되니 지우지 마세요.
A2: 1-1 | B2: 김철수 | C2: =IF(A2="","",LEFT(A2,FIND("-",A2&"-")-1)) | D2: =IF(C2="","",C2&"#"&COUNTIF($C$2:C2,C2)) | F2: ※ 아이디는 '상위-하위' 형식 (예: 1-1, 1-2, 10-3). A열은 텍스트 형식이라 날짜로 바뀌지 않습니다.
A3: 1-2 | B3: 이영희 | C3: =IF(A3="","",LEFT(A3,FIND("-",A3&"-")-1)) | D3: =IF(C3="","",C3&"#"&COUNTIF($C$2:C3,C3)) | F3: ※ 2~1001행까지 지원합니다. 위 예시 7줄은 지우고 실제 데이터로 바꾸세요.
A4: 1-3 | B4: 박민수 | C4: =IF(A4="","",LEFT(A4,FIND("-",A4&"-")-1)) | D4: =IF(C4="","",C4&"#"&COUNTIF($C$2:C4,C4))
A5: 2-1 | B5: 최지우 | C5: =IF(A5="","",LEFT(A5,FIND("-",A5&"-")-1)) | D5: =IF(C5="","",C5&"#"&COUNTIF($C$2:C5,C5))
A6: 2-2 | B6: 정우성 | C6: =IF(A6="","",LEFT(A6,FIND("-",A6&"-")-1)) | D6: =IF(C6="","",C6&"#"&COUNTIF($C$2:C6,C6))
A7: 10-1 | B7: 한가인 | C7: =IF(A7="","",LEFT(A7,FIND("-",A7&"-")-1)) | D7: =IF(C7="","",C7&"#"&COUNTIF($C$2:C7,C7))
A8: 10-2 | B8: 강동원 | C8: =IF(A8="","",LEFT(A8,FIND("-",A8&"-")-1)) | D8: =IF(C8="","",C8&"#"&COUNTIF($C$2:C8,C8))
C9: =IF(A9="","",LEFT(A9,FIND("-",A9&"-")-1)) | D9: =IF(C9="","",C9&"#"&COUNTIF($C$2:C9,C9))
C10: =IF(A10="","",LEFT(A10,FIND("-",A10&"-")-1)) | D10: =IF(C10="","",C10&"#"&COUNTIF($C$2:C10,C10))
C11: =IF(A11="","",LEFT(A11,FIND("-",A11&"-")-1)) | D11: =IF(C11="","",C11&"#"&COUNTIF($C$2:C11,C11))
C12: =IF(A12="","",LEFT(A12,FIND("-",A12&"-")-1)) | D12: =IF(C12="","",C12&"#"&COUNTIF($C$2:C12,C12))
C13: =IF(A13="","",LEFT(A13,FIND("-",A13&"-")-1)) | D13: =IF(C13="","",C13&"#"&COUNTIF($C$2:C13,C13))
C14: =IF(A14="","",LEFT(A14,FIND("-",A14&"-")-1)) | D14: =IF(C14="","",C14&"#"&COUNTIF($C$2:C14,C14))
C15: =IF(A15="","",LEFT(A15,FIND("-",A15&"-")-1)) | D15: =IF(C15="","",C15&"#"&COUNTIF($C$2:C15,C15))
C16: =IF(A16="","",LEFT(A16,FIND("-",A16&"-")-1)) | D16: =IF(C16="","",C16&"#"&COUNTIF($C$2:C16,C16))
C17: =IF(A17="","",LEFT(A17,FIND("-",A17&"-")-1)) | D17: =IF(C17="","",C17&"#"&COUNTIF($C$2:C17,C17))
C18: =IF(A18="","",LEFT(A18,FIND("-",A18&"-")-1)) | D18: =IF(C18="","",C18&"#"&COUNTIF($C$2:C18,C18))
C19: =IF(A19="","",LEFT(A19,FIND("-",A19&"-")-1)) | D19: =IF(C19="","",C19&"#"&COUNTIF($C$2:C19,C19))
C20: =IF(A20="","",LEFT(A20,FIND("-",A20&"-")-1)) | D20: =IF(C20="","",C20&"#"&COUNTIF($C$2:C20,C20))
... C1001: =IF(A1001="","",LEFT(A1001,FIND("-",A1001&"-")-1)) | D1001: =IF(C1001="","",C1001&"#"&COUNTIF($C$2:C1001,C1001))
